@context,@type,name,description,image,url
http://schema.org,Thing,Breaking Bad,A chemistry teacher diagnosed with inoperable lung cancer turns to manufacturing and selling methamphetamine with a former student in order to secure his family's future.,"https://m.media-amazon.com/images/M/MV5BYmQ4YWMxYjUtNjZmYi00MDQ1LWFjMjMtNjA5ZDdiYjdiODU5XkEyXkFqcGdeQXVyMTMzNDExODE5._V1_QL75_UX380_CR0,1,380,562_.jpg",https://www.imdb.com/title/tt0903747
http://schema.org,Thing,Planet Earth II,David Attenborough returns with a new wildlife documentary that shows life in a variety of habitats.,"https://m.media-amazon.com/images/M/MV5BMGZmYmQ5NGQtNWQ1MC00NWZlLTg0MjYtYjJjMzQ5ODgxYzRkXkEyXkFqcGdeQXVyNjAwNDUxODI@._V1_QL75_UX380_CR0,1,380,562_.jpg",https://www.imdb.com/title/tt5491994
http://schema.org,Thing,Planet Earth,"A documentary series on the wildlife found on Earth. Each episode covers a different habitat: deserts, mountains, deep oceans, shallow seas, forests, caves, polar regions, fresh water, plains and jungles. Narrated by David Attenborough.","https://m.media-amazon.com/images/M/MV5BMzMyYjg0MGMtMTlkMy00OGFiLWFiNTYtYmFmZWNmMDFlMzkwXkEyXkFqcGdeQXVyNjAwNDUxODI@._V1_QL75_UX380_CR0,1,380,562_.jpg",https://www.imdb.com/title/tt0795176
http://schema.org,Thing,Band of Brothers,"The story of Easy Company of the U.S. Army 101st Airborne Division and their mission in World War II Europe, from Operation Overlord to V-J Day.","https://m.media-amazon.com/images/M/MV5BMTI3ODc2ODc0M15BMl5BanBnXkFtZTYwMjgzNjc3._V1_QL75_UX380_CR0,1,380,562_.jpg",https://www.imdb.com/title/tt0185906
http://schema.org,Thing,Chernobyl,"In April 1986, an explosion at the Chernobyl nuclear power plant in the Union of Soviet Socialist Republics becomes one of the world's worst man-made catastrophes.","https://m.media-amazon.com/images/M/MV5BNTdkN2QwMDItMDVhNS00ZjFiLWEzNTctMzY5ODQzYWNkMDllXkEyXkFqcGdeQXVyMTMzNDExODE5._V1_QL75_UX380_CR0,1,380,562_.jpg",https://www.imdb.com/title/tt7366338
http://schema.org,Thing,The Wire,"The Baltimore drug scene, as seen through the eyes of drug dealers and law enforcement.","https://m.media-amazon.com/images/M/MV5BZmY5ZDMxODEtNWIwOS00NjdkLTkyMjktNWRjMDhmYjJjN2RmXkEyXkFqcGdeQXVyNTA4NzY1MzY@._V1_QL75_UX380_CR0,1,380,562_.jpg",https://www.imdb.com/title/tt0306414
http://schema.org,Thing,Avatar: The Last Airbender,"In a war-torn world of elemental magic, a young boy reawakens to undertake a dangerous mystic quest to fulfill his destiny as the Avatar, and bring peace to the world.","https://m.media-amazon.com/images/M/MV5BODc5YTBhMTItMjhkNi00ZTIxLWI0YjAtNTZmOTY0YjRlZGQ0XkEyXkFqcGdeQXVyODUwNjEzMzg@._V1_QL75_UX380_CR0,1,380,562_.jpg",https://www.imdb.com/title/tt0417299
http://schema.org,Thing,Blue Planet II,"David Attenborough returns to the world's oceans in this sequel to the acclaimed documentary filming rare and unusual creatures of the deep, as well as documenting the problems our oceans face.","https://m.media-amazon.com/images/M/MV5BNDZiNDllMTAtOTgxZi00NzNiLWFhNzUtOGUwZWZjZGNjZTMyXkEyXkFqcGdeQXVyNjAwNDUxODI@._V1_QL75_UX380_CR0,1,380,562_.jpg",https://www.imdb.com/title/tt6769208
http://schema.org,Thing,The Sopranos,"New Jersey mob boss Tony Soprano deals with personal and professional issues in his home and business life that affect his mental state, leading him to seek professional psychiatric counseling.","https://m.media-amazon.com/images/M/MV5BNmU3MjkzZWQtOTk1Ni00OTNiLWJhMmMtNmEyN2JjZjUzZDUyXkEyXkFqcGdeQXVyNDIyNjA2MTk@._V1_QL75_UX380_CR0,1,380,562_.jpg",https://www.imdb.com/title/tt0141842
http://schema.org,Thing,Cosmos: A Spacetime Odyssey,An exploration of our discovery of the laws of nature and coordinates in space and time.,"https://m.media-amazon.com/images/M/MV5BZTk5OTQyZjYtMDk3Yy00YjhmLWE2MTYtZmY4NTg1YWUzZTQ0XkEyXkFqcGdeQXVyNTA4NzY1MzY@._V1_QL75_UX380_CR0,1,380,562_.jpg",https://www.imdb.com/title/tt2395695
http://schema.org,Thing,Cosmos,Astronomer Carl Sagan leads us on an engaging guided tour of the various elements and cosmological theories of the universe.,"https://m.media-amazon.com/images/M/MV5BM2YzYzc0OWUtNmIwZi00MTBlLThjYTgtYmU1ODlhMzdjMzdjXkEyXkFqcGdeQXVyNjAwNDUxODI@._V1_QL75_UX380_CR0,1,380,562_.jpg",https://www.imdb.com/title/tt0081846
http://schema.org,Thing,Our Planet,"Explores and unravels the mystery of how and why animals migrate, showing some of the most dramatic and compelling stories in the natural world through spectacular and innovative cinematography.","https://m.media-amazon.com/images/M/MV5BZGNjZjNmOGEtNDMyZC00NTRhLWEyYTctMGI4ODdiMjk1ZDM3XkEyXkFqcGdeQXVyMTkxNjUyNQ@@._V1_QL75_UX380_CR0,1,380,562_.jpg",https://www.imdb.com/title/tt9253866
http://schema.org,Thing,Game of Thrones,"Nine noble families fight for control over the lands of Westeros, while an ancient enemy returns after being dormant for a millennia.","https://m.media-amazon.com/images/M/MV5BN2IzYzBiOTQtNGZmMi00NDI5LTgxMzMtN2EzZjA1NjhlOGMxXkEyXkFqcGdeQXVyNjAwNDUxODI@._V1_QL75_UX380_CR0,1,380,562_.jpg",https://www.imdb.com/title/tt0944947
http://schema.org,Thing,The World at War,"A groundbreaking 26-part documentary series narrated by the actor Laurence Olivier about the deadliest conflict in history, World War II.","https://m.media-amazon.com/images/M/MV5BZTIwOWEyMjctMjQwNS00ODZiLThmMWEtYWQ1OWFiYzQ2OWYwXkEyXkFqcGdeQXVyNjAwNDUxODI@._V1_QL75_UX380_CR0,1,380,562_.jpg",https://www.imdb.com/title/tt0071075
http://schema.org,Thing,Rick and Morty,An animated series that follows the exploits of a super scientist and his not-so-bright grandson.,"https://m.media-amazon.com/images/M/MV5BZjRjOTFkOTktZWUzMi00YzMyLThkMmYtMjEwNmQyNzliYTNmXkEyXkFqcGdeQXVyNzQ1ODk3MTQ@._V1_QL75_UX380_CR0,1,380,562_.jpg",https://www.imdb.com/title/tt2861424
http://schema.org,Thing,Bluey,The slice-of-life adventures of an Australian Blue Heeler Cattle Dog puppy as she has fun with her family and friends in everyday situations.,"https://m.media-amazon.com/images/M/MV5BMDBiNDI3YjQtNDdkNS00ZDliLTlmMmQtMDE4ZWM1ZGIyNjljXkEyXkFqcGdeQXVyNTE1NjY5Mg@@._V1_QL75_UX380_CR0,1,380,562_.jpg",https://www.imdb.com/title/tt7678620
http://schema.org,Thing,Fullmetal Alchemist: Brotherhood,Two brothers search for a Philosopher's Stone after an attempt to revive their deceased mother goes awry and leaves them in damaged physical forms.,"https://m.media-amazon.com/images/M/MV5BZmEzN2YzOTItMDI5MS00MGU4LWI1NWQtOTg5ZThhNGQwYTEzXkEyXkFqcGdeQXVyNTA4NzY1MzY@._V1_QL75_UX380_CR0,1,380,562_.jpg",https://www.imdb.com/title/tt1355642
http://schema.org,Thing,The Last Dance,"Charting the rise of the 1990s Chicago Bulls, led by Michael Jordan, one of the most notable dynasties in sports history.","https://m.media-amazon.com/images/M/MV5BY2U1ZTU4OWItNGU2MC00MTg1LTk4NzUtYTk3ODhjYjI0MzlmXkEyXkFqcGdeQXVyMTkxNjUyNQ@@._V1_QL75_UX380_CR0,1,380,562_.jpg",https://www.imdb.com/title/tt8420184
http://schema.org,Thing,Life,David Attenborough's legendary BBC crew explains and shows wildlife all over planet earth. From giving an overview of the challenges facing life to hunting the deep sea and various major evolutionary groups of creatures.,"https://m.media-amazon.com/images/M/MV5BNjJhMTAxZjYtNWZkYy00Nzg1LTlkYjItZTNhZWRjNzkxMDg3XkEyXkFqcGdeQXVyNTA4NzY1MzY@._V1_QL75_UX380_CR0,1,380,562_.jpg",https://www.imdb.com/title/tt1533395
http://schema.org,Thing,The Twilight Zone,"Ordinary people find themselves in extraordinarily astounding situations, which they each try to solve in a remarkable manner.","https://m.media-amazon.com/images/M/MV5BNTAzMDI5MzgtMGNkMC00MzllLWJhNjctNjA1NmViNGUxMzYxXkEyXkFqcGdeQXVyMTQxNzMzNDI@._V1_QL75_UX380_CR0,1,380,562_.jpg",https://www.imdb.com/title/tt0052520
http://schema.org,Thing,Sherlock,"The quirky spin on Conan Doyle's iconic sleuth pitches him as a ""high-functioning sociopath"" in modern-day London. Assisting him in his investigations: Afghanistan War vet John Watson, who's introduced to Holmes by a mutual acquaintance.","https://m.media-amazon.com/images/M/MV5BMWEzNTFlMTQtMzhjOS00MzQ1LWJjNjgtY2RhMjFhYjQwYjIzXkEyXkFqcGdeQXVyNDIzMzcwNjc@._V1_QL75_UX380_CR0,1,380,562_.jpg",https://www.imdb.com/title/tt1475582
http://schema.org,Thing,The Vietnam War,A comprehensive history of the United States' involvement in the bitterly divisive armed conflict in Southeast Asia.,"https://m.media-amazon.com/images/M/MV5BZmY2NGMyY2EtMjJiMS00MmFlLTk1MmItZDA1NTQ0ODg0MDA4XkEyXkFqcGdeQXVyNjAwNDUxODI@._V1_QL75_UX380_CR0,1,380,562_.jpg",https://www.imdb.com/title/tt1877514
http://schema.org,Thing,Batman: The Animated Series,The Dark Knight battles crime in Gotham City with occasional help from Robin and Batgirl.,"https://m.media-amazon.com/images/M/MV5BOTM3MTRkZjQtYjBkMy00YWE1LTkxOTQtNDQyNGY0YjYzNzAzXkEyXkFqcGdeQXVyOTgwMzk1MTA@._V1_QL75_UX380_CR0,1,380,562_.jpg",https://www.imdb.com/title/tt0103359
http://schema.org,Thing,Attack on Titan,"After his hometown is destroyed and his mother is killed, young Eren Jaeger vows to cleanse the earth of the giant humanoid Titans that have brought humanity to the brink of extinction.","https://m.media-amazon.com/images/M/MV5BNDFjYTIxMjctYTQ2ZC00OGQ4LWE3OGYtNDdiMzNiNDZlMDAwXkEyXkFqcGdeQXVyNzI3NjY3NjQ@._V1_QL75_UX380_CR0,1,380,562_.jpg",https://www.imdb.com/title/tt2560140
http://schema.org,Thing,Scam 1992: The Harshad Mehta Story,"The rise and fall of Harshad Mehta, a stockbroker who single-handedly took the stock market to great heights, is depicted.","https://m.media-amazon.com/images/M/MV5BNjgxZTMxNmQtZGFkZS00NDUyLTllMzYtOTE0ZjdlMjM1ZWU0XkEyXkFqcGdeQXVyMTAyMTE1MDA1._V1_QL75_UX380_CR0,1,380,562_.jpg",https://www.imdb.com/title/tt12392504
http://schema.org,Thing,The Office,"A mockumentary on a group of typical office workers, where the workday consists of ego clashes, inappropriate behavior, and tedium.","https://m.media-amazon.com/images/M/MV5BMDNkOTE4NDQtMTNmYi00MWE0LWE4ZTktYTc0NzhhNWIzNzJiXkEyXkFqcGdeQXVyMzQ2MDI5NjU@._V1_QL75_UX380_CR0,1,380,562_.jpg",https://www.imdb.com/title/tt0386676
http://schema.org,Thing,Arcane,"Set in Utopian Piltover and the oppressed underground of Zaun, the story follows the origins of two iconic League Of Legends champions and the power that will tear them apart.","https://m.media-amazon.com/images/M/MV5BYmU5OWM5ZTAtNjUzOC00NmUyLTgyOWMtMjlkNjdlMDAzMzU1XkEyXkFqcGdeQXVyMDM2NDM2MQ@@._V1_QL75_UX380_CR0,1,380,562_.jpg",https://www.imdb.com/title/tt11126994
http://schema.org,Thing,The Blue Planet,"Mammoth series, five years in the making, taking a look at the rich tapestry of life in the world's oceans.","https://m.media-amazon.com/images/M/MV5BMjI2NzVhM2UtODZlNS00Nzk1LTk4NDQtYTc0YWU4ODNlNGNjXkEyXkFqcGdeQXVyNjcwMzExMzU@._V1_QL75_UX380_CR0,1,380,562_.jpg",https://www.imdb.com/title/tt0296310
http://schema.org,Thing,Better Call Saul,The trials and tribulations of criminal lawyer Jimmy McGill in the years leading up to his fateful run-in with Walter White and Jesse Pinkman.,"https://m.media-amazon.com/images/M/MV5BZDA4YmE0OTYtMmRmNS00Mzk2LTlhM2MtNjk4NzBjZGE1MmIyXkEyXkFqcGdeQXVyMTMzNDExODE5._V1_QL75_UX380_CR0,1,380,562_.jpg",https://www.imdb.com/title/tt3032476
http://schema.org,Thing,Human Planet,A cinematic experience bringing you the most amazing human stories in the world. Humans and wildlife surviving in the most extreme environments on Earth,"https://m.media-amazon.com/images/M/MV5BOTJmZjcwZDctODRkYi00MTJkLTgwYTYtMmUxYTgxOGU4ODg2XkEyXkFqcGdeQXVyMTUyNjc3NDQ4._V1_QL75_UX380_CR0,1,380,562_.jpg",https://www.imdb.com/title/tt1806234
http://schema.org,Thing,Firefly,"Five hundred years in the future, a renegade crew aboard a small spacecraft tries to survive as they travel the unknown parts of the galaxy and evade warring factions as well as authority agents out to get them.","https://m.media-amazon.com/images/M/MV5BOTcwNzkwMDItZmM1OC00MmQ2LTgxYjgtOTNiNDgxZDAxMjk0XkEyXkFqcGdeQXVyNDQ0MTYzMDA@._V1_QL75_UX380_CR0,1,380,562_.jpg",https://www.imdb.com/title/tt0303461
http://schema.org,Thing,Frozen Planet,Focuses on life and the environment in both the Arctic and Antarctic.,"https://m.media-amazon.com/images/M/MV5BYjdlMGYwYWQtODVlMi00Y2I0LThiYzgtYTM0YmU5NzdhYTI0XkEyXkFqcGdeQXVyNjAwNDUxODI@._V1_QL75_UX380_CR0,1,380,562_.jpg",https://www.imdb.com/title/tt2092588
http://schema.org,Thing,Clarkson's Farm,Follow Jeremy Clarkson as he attempts to run a farm in the countryside.,"https://m.media-amazon.com/images/M/MV5BYWI5M2YyYmYtMzBkNy00YWYyLThjZGUtYzEyOTQxZDQyYmVhXkEyXkFqcGdeQXVyNjAwNDUxODI@._V1_QL75_UX380_CR0,1,380,562_.jpg",https://www.imdb.com/title/tt10541088
http://schema.org,Thing,Death Note,An intelligent high school student goes on a secret crusade to eliminate criminals from the world after discovering a notebook capable of killing anyone whose name is written into it.,"https://m.media-amazon.com/images/M/MV5BNjRiNmNjMmMtN2U2Yi00ODgxLTk3OTMtMmI1MTI1NjYyZTEzXkEyXkFqcGdeQXVyNjAwNDUxODI@._V1_QL75_UX380_CR0,1,380,562_.jpg",https://www.imdb.com/title/tt0877057
http://schema.org,Thing,Only Fools and Horses,Comedy that follows two brothers from London's rough Peckham estate as they wheel and deal through a number of dodgy deals and search for the big score that'll make them millionaires.,"https://m.media-amazon.com/images/M/MV5BYmI1NGIwNzYtOTVlMS00ZGYwLWE0ZTktYzVmMGVlMmRmN2QxXkEyXkFqcGdeQXVyNTA4NzY1MzY@._V1_QL75_UX380_CR0,1,380,562_.jpg",https://www.imdb.com/title/tt0081912
http://schema.org,Thing,The Civil War,A comprehensive survey of the American Civil War.,"https://m.media-amazon.com/images/M/MV5BZjE1ODNkYzctNjM0Ni00MmM3LTkyMjctZGRhYzA3YzhjMTFlXkEyXkFqcGdeQXVyNjAwNDUxODI@._V1_QL75_UX380_CR0,1,380,562_.jpg",https://www.imdb.com/title/tt0098769
http://schema.org,Thing,Hunter x Hunter,"Gon Freecss aspires to become a Hunter, an exceptional being capable of greatness. With his friends and his potential, he seeks out his father, who left him when he was younger.","https://m.media-amazon.com/images/M/MV5BNGM0YTk3MWEtN2JlZC00ZmZmLWIwMDktZTMxZGE5Zjc2MGExXkEyXkFqcGdeQXVyNjAwNDUxODI@._V1_QL75_UX380_CR0,1,380,562_.jpg",https://www.imdb.com/title/tt2098220
http://schema.org,Thing,True Detective,"Anthology series in which police investigations unearth the personal and professional secrets of those involved, both within and outside the law.","https://m.media-amazon.com/images/M/MV5BZTQ3ZWRiMjUtMjcwOS00ZTZhLWE5ODYtM2IyOThlNTNjOWJiXkEyXkFqcGdeQXVyNzM3NTUwMDk@._V1_QL75_UX380_CR0,1,380,562_.jpg",https://www.imdb.com/title/tt2356777
http://schema.org,Thing,Seinfeld,The continuing misadventures of neurotic New York City stand-up comedian Jerry Seinfeld and his equally neurotic New York City friends.,"https://m.media-amazon.com/images/M/MV5BZjZjMzQ2ZmUtZWEyZC00NWJiLWFjM2UtMzhmYzZmZDcxMzllXkEyXkFqcGdeQXVyNTA4NzY1MzY@._V1_QL75_UX380_CR0,1,380,562_.jpg",https://www.imdb.com/title/tt0098904
http://schema.org,Thing,The Decalogue,"Ten television drama films, each one based on one of the Ten Commandments.","https://m.media-amazon.com/images/M/MV5BNDgzZDVmZjYtYmNhNi00YTE0LWJmNDAtODZiNWIwMjJhZDhhXkEyXkFqcGdeQXVyNjAwNDUxODI@._V1_QL75_UX380_CR0,1,380,562_.jpg",https://www.imdb.com/title/tt0092337
http://schema.org,Thing,The Beatles: Get Back,Documentary about the music group The Beatles featuring in-studio footage that was shot in early 1969 for the 1970 feature film 'Let It Be.',"https://m.media-amazon.com/images/M/MV5BNjMxMjE5ZTEtMjgyOC00ODM4LWJjZDAtMjcwZDBlNzZhZTkyXkEyXkFqcGdeQXVyMDM2NDM2MQ@@._V1_QL75_UX380_CR0,1,380,562_.jpg",https://www.imdb.com/title/tt9735318
http://schema.org,Thing,Persona,A man diagnosed with Alzheimer's decides to punish criminals.,"https://m.media-amazon.com/images/M/MV5BOTJkNzJmYzgtZTZmNC00MTQ2LWE2ZGQtM2EyYjliNGViMTY5XkEyXkFqcGdeQXVyNDg4MjkzNDk@._V1_QL75_UX380_CR0,1,380,562_.jpg",https://www.imdb.com/title/tt7920978
http://schema.org,Thing,Fargo,"Various chronicles of deception, intrigue, and murder in and around frozen Minnesota. All of these tales mysteriously lead back one way or another to Fargo, North Dakota.","https://m.media-amazon.com/images/M/MV5BOTVmMDRkNTgtODFlNy00MzgxLWEzMDgtZGZhZmUzMzU1NDAxXkEyXkFqcGdeQXVyMTU4MDIyMjk5._V1_QL75_UX380_CR0,1,380,562_.jpg",https://www.imdb.com/title/tt2802850
http://schema.org,Thing,Cowboy Bebop,The futuristic misadventures and tragedies of an easygoing bounty hunter and his partners.,"https://m.media-amazon.com/images/M/MV5BZDEzMjlkNDgtZjhkNi00N2RlLWFhZTYtNDE5OTc2NjZkODJlXkEyXkFqcGdeQXVyNjAwNDUxODI@._V1_QL75_UX380_CR0,1,380,562_.jpg",https://www.imdb.com/title/tt0213338
http://schema.org,Thing,Gravity Falls,"Twin siblings Dipper and Mabel Pines spend the summer at their great-uncle's tourist trap in the enigmatic Gravity Falls, Oregon.","https://m.media-amazon.com/images/M/MV5BMTEzNDc3MDQ2NzNeQTJeQWpwZ15BbWU4MDYzMzUwMDIx._V1_QL75_UX380_CR0,1,380,562_.jpg",https://www.imdb.com/title/tt1865718
http://schema.org,Thing,Nathan for You,"Nathan Fielder uses his business degree and life experiences to help real small businesses turn a profit. But because of his unorthodox approach, Nathan's genuine efforts to do good often draw real people into an experience far beyond what they signed up for.","https://m.media-amazon.com/images/M/MV5BOGY4ZWM1MDUtZmM3MS00ZjAxLTkyYzMtMjgxODI1YzkzNGUwXkEyXkFqcGdeQXVyNzk2NzE5Mjk@._V1_QL75_UX380_CR0,1,380,562_.jpg",https://www.imdb.com/title/tt2297757
http://schema.org,Thing,Last Week Tonight with John Oliver,Former Daily Show host and correspondent John Oliver brings his persona to this weekly news satire program.,"https://m.media-amazon.com/images/M/MV5BNjRhYTgyZGEtOGU2YS00ZGM1LWIzODctZDhkNDBiYTFhZTYxXkEyXkFqcGdeQXVyNTE1NjY5Mg@@._V1_QL75_UX380_CR0,1,380,562_.jpg",https://www.imdb.com/title/tt3530232
http://schema.org,Thing,When They See Us,Five teens from Harlem become trapped in a nightmare when they're falsely accused of a brutal attack in Central Park. Based on the true story.,"https://m.media-amazon.com/images/M/MV5BZmJjM2YzOWEtOTYxYi00YjhkLTliMzgtMTA2MTc0NDQ1MDM4XkEyXkFqcGdeQXVyODY5OTk4MA@@._V1_QL75_UX380_CR0,1,380,562_.jpg",https://www.imdb.com/title/tt7137906
http://schema.org,Thing,Succession,"The Roy family is known for controlling the biggest media and entertainment company in the world. However, their world changes when their father steps down from the company.","https://m.media-amazon.com/images/M/MV5BODY5YjA3ZDgtM2EwYy00ZGVmLWFhNWItMTMxMWRkMWFiOTlkXkEyXkFqcGdeQXVyMTMzNDExODE5._V1_QL75_UX380_CR0,1,380,562_.jpg",https://www.imdb.com/title/tt7660850
http://schema.org,Thing,Apocalypse: The Second World War,"This six-part series traces the Second World War, from the rise of the Nazis to the surrender of the Japanese, with detailed portraits of key figures.","https://m.media-amazon.com/images/M/MV5BMzEyMmM1ZGMtZTgwMS00Y2Y4LTg0MTItMGRiZGE3YTVhYjU3L2ltYWdlXkEyXkFqcGdeQXVyNTAyODkwOQ@@._V1_QL75_UX380_CR0,1,380,562_.jpg",https://www.imdb.com/title/tt1508238
http://schema.org,Thing,Friends,Follows the personal and professional lives of six twenty to thirty year-old friends living in the Manhattan borough of New York City.,"https://m.media-amazon.com/images/M/MV5BNDVkYjU0MzctMWRmZi00NTkxLTgwZWEtOWVhYjZlYjllYmU4XkEyXkFqcGdeQXVyNTA4NzY1MzY@._V1_QL75_UX380_CR0,1,380,562_.jpg",https://www.imdb.com/title/tt0108778
http://schema.org,Thing,Africa,"Africa, the world's wildest continent. David Attenborough takes us on an awe-inspiring journey through one of the most diverse places in the world. We visit deserts, savannas, and jungles and meet up with some of Africa's amazing wildlife.","https://m.media-amazon.com/images/M/MV5BNDdkZGViNzctZTJkMy00N2ZmLTg4NTUtZWM3YTE3ZTE3NjYwXkEyXkFqcGdeQXVyNjAwNDUxODI@._V1_QL75_UX380_CR0,1,380,562_.jpg",https://www.imdb.com/title/tt2571774
http://schema.org,Thing,TVF Pitchers,A story of trials and tribulations of four young entrepreneurs who quit their day jobs in order to pursue their start up venture.,"https://m.media-amazon.com/images/M/MV5BYzA2NGM5MjAtMGJhMC00ZmE3LWFmYmEtZTVjNjA0MzQ4YmI1XkEyXkFqcGdeQXVyMTIyNzY0NTMx._V1_QL75_UX380_CR0,1,380,562_.jpg",https://www.imdb.com/title/tt4742876
http://schema.org,Thing,Taskmaster,"Five comedians are set tasks challenging their creativity and wit. The tasks are supervised by Alex Horne but the Taskmaster, Greg Davies, always has the final word.","https://m.media-amazon.com/images/M/MV5BMTNlYzY0MTItZmI5Ni00ODEwLTkxNDktOTI3MGI1ODRmODJlXkEyXkFqcGdeQXVyMDE4MzA0NQ@@._V1_QL75_UX380_CR0,1,380,562_.jpg",https://www.imdb.com/title/tt4934214
http://schema.org,Thing,It's Always Sunny in Philadelphia,Five friends with big egos and small brains are the proprietors of an Irish pub in Philadelphia.,"https://m.media-amazon.com/images/M/MV5BZDc4NjU1MmMtZjIzNy00MWRhLWI4ZjUtYjY4YmFlY2NjMzA0XkEyXkFqcGdeQXVyMjkwOTAyMDU@._V1_QL75_UX380_CR0,1,380,562_.jpg",https://www.imdb.com/title/tt0472954
http://schema.org,Thing,As If,Yilmaz and Ilkkan are two friends who are constantly fighting each other. Their greatest feature is always being able to do something that will turn their ordinary lives upside down.,"https://m.media-amazon.com/images/M/MV5BZTUzZjU0M2MtZGFmYy00ZWU0LWJjZGUtOGJlMTI4MWI4ZDUxXkEyXkFqcGdeQXVyNDg4MjkzNDk@._V1_QL75_UX380_CR0,1,380,562_.jpg",https://www.imdb.com/title/tt13675832
http://schema.org,Thing,Monty Python's Flying Circus,The original surreal sketch comedy showcase for the Monty Python troupe.,"https://m.media-amazon.com/images/M/MV5BZGI1N2FiYTYtOWU3Mi00MjBlLWJkMGMtMjZmZTQwMDdiYjY3XkEyXkFqcGdeQXVyMTIwMjIwNjQ2._V1_QL75_UX380_CR0,1,380,562_.jpg",https://www.imdb.com/title/tt0063929
http://schema.org,Thing,The West Wing,Inside the lives of staffers in the West Wing of the White House.,"https://m.media-amazon.com/images/M/MV5BNjk3ZWE3ZDctN2Q1YS00NzNhLWFjNmYtZTkwYWQxZmQ3NzM3XkEyXkFqcGdeQXVyNTE1NjY5Mg@@._V1_QL75_UX380_CR0,1,380,562_.jpg",https://www.imdb.com/title/tt0200276
http://schema.org,Thing,Das Boot,A World War II German U-Boat crew have a terrifying patrol mission in the early days of the war.,"https://m.media-amazon.com/images/M/MV5BNTBhZTQzZGEtZmRiOS00MzAwLWI5MzQtYTc1YTRhMzU3NzQ5XkEyXkFqcGdeQXVyNzkwMjQ5NzM@._V1_QL75_UX380_CR0,1,380,562_.jpg",https://www.imdb.com/title/tt0081834
http://schema.org,Thing,Curb Your Enthusiasm,The life and times of Larry David and the predicaments he gets himself into with his friends and complete strangers.,"https://m.media-amazon.com/images/M/MV5BMzE3ZDA4OWItOGY2ZC00MzVmLTk0Y2QtNzEzMjc5YWI5ZWFiXkEyXkFqcGdeQXVyMTEyMjM2NDc2._V1_QL75_UX380_CR0,1,380,562_.jpg",https://www.imdb.com/title/tt0264235
http://schema.org,Thing,One Piece,"Follows the adventures of Monkey D. Luffy and his pirate crew in order to find the greatest treasure ever left by the legendary Pirate, Gold Roger. The famous mystery treasure named ""One Piece"".","https://m.media-amazon.com/images/M/MV5BODcwNWE3OTMtMDc3MS00NDFjLWE1OTAtNDU3NjgxODMxY2UyXkEyXkFqcGdeQXVyNTAyODkwOQ@@._V1_QL75_UX380_CR0,1,380,562_.jpg",https://www.imdb.com/title/tt0388629
http://schema.org,Thing,Leyla and Mecnun,"It is an unique and heartwarming show follows the extraordinary journey of a couple named Leyla and Mecnun. With Ali Atay portraying Mecnun and Ezgi Asaroglu as Leyla, the series has garnered a massive fan base and critical acclaim.","https://m.media-amazon.com/images/M/MV5BZGZlN2QzYTQtNmZkMy00YjdiLWIwOGUtMzlhZTJlMmIyNmJhXkEyXkFqcGdeQXVyOTQ2MjQ3MTI@._V1_QL75_UX380_CR0,1,380,562_.jpg",https://www.imdb.com/title/tt1831164
http://schema.org,Thing,Fawlty Towers,"Hotel owner Basil Fawlty's incompetence, short fuse, and arrogance form a combination that ensures accidents and trouble are never far away.","https://m.media-amazon.com/images/M/MV5BNzJiYjAxNjUtNjFlNC00NWMwLTgxMTAtNjgyYmUzNWE0OWFjXkEyXkFqcGdeQXVyMTA0MTM5NjI2._V1_QL75_UX380_CR0,1,380,562_.jpg",https://www.imdb.com/title/tt0072500
http://schema.org,Thing,BoJack Horseman,"BoJack Horseman was the star of the hit television show ""Horsin' Around"" in the '80s and '90s, but now he's washed up, living in Hollywood, complaining about everything, and wearing colorful sweaters.","https://m.media-amazon.com/images/M/MV5BYWQwMDNkM2MtODU4OS00OTY3LTgwOTItNjE2Yzc0MzRkMDllXkEyXkFqcGdeQXVyMTkxNjUyNQ@@._V1_QL75_UX380_CR0,1,380,562_.jpg",https://www.imdb.com/title/tt3398228
http://schema.org,Thing,Pride and Prejudice,"While the arrival of wealthy gentlemen sends her marriage-minded mother into a frenzy, willful and opinionated Elizabeth Bennet matches wits with haughty Mr. Darcy.","https://m.media-amazon.com/images/M/MV5BMDM0MjFlOGYtNTg2ZC00MmRkLTg5OTQtM2U5ZjUyYTgxZThiXkEyXkFqcGdeQXVyNTAyODkwOQ@@._V1_QL75_UX380_CR0,1,380,562_.jpg",https://www.imdb.com/title/tt0112130
http://schema.org,Thing,Freaks and Geeks,A high school mathlete starts hanging out with a group of burnouts while her younger brother navigates his freshman year.,"https://m.media-amazon.com/images/M/MV5BZWJhOGFiZWMtYTY5Ni00NGU1LWE5OWItNzA5NThkNWUwYzc4XkEyXkFqcGdeQXVyNTA4NzY1MzY@._V1_QL75_UX380_CR0,1,380,562_.jpg",https://www.imdb.com/title/tt0193676
http://schema.org,Thing,Blackadder Goes Forth,"Stuck in the middle of World War I, Captain Edmund Blackadder does his best to escape the banality of the war.","https://m.media-amazon.com/images/M/MV5BNDAzY2RjNjItYWJlZC00NDNiLWIwZTYtNDM3M2YyYTY5ZDVhXkEyXkFqcGdeQXVyNjc5NjEzNA@@._V1_QL75_UX380_CR0,1,380,562_.jpg",https://www.imdb.com/title/tt0096548
http://schema.org,Thing,Twin Peaks,An idiosyncratic FBI agent investigates the murder of a young woman in the even more idiosyncratic town of Twin Peaks.,"https://m.media-amazon.com/images/M/MV5BMTExNzk2NjcxNTNeQTJeQWpwZ15BbWU4MDcxOTczOTIx._V1_QL75_UX380_CR0,1,380,562_.jpg",https://www.imdb.com/title/tt0098936
http://schema.org,Thing,Dragon Ball Z,"With the help of the powerful Dragonballs, a team of fighters led by the saiyan warrior Goku defend the planet earth from extraterrestrial enemies.","https://m.media-amazon.com/images/M/MV5BNGM5MTEyZDItZWNhOS00NzNkLTgwZTAtNWIzY2IzZmExOWMxXkEyXkFqcGdeQXVyNTA4NzY1MzY@._V1_QL75_UX380_CR0,1,380,562_.jpg",https://www.imdb.com/title/tt0214341
http://schema.org,Thing,Narcos,"A chronicled look at the criminal exploits of Colombian drug lord Pablo Escobar, as well as the many other drug kingpins who plagued the country through the years.","https://m.media-amazon.com/images/M/MV5BNmFjODU3YzgtMGUwNC00ZGI3LWFkZjQtMjkxZDc3NmQ1MzcyXkEyXkFqcGdeQXVyNjUwNzk3NDc@._V1_QL75_UX380_CR0,1,380,562_.jpg",https://www.imdb.com/title/tt2707408
http://schema.org,Thing,Chappelle's Show,Comedian Dave Chappelle hosts this sketch-comedy show that parodies many of the nuances of race and culture.,"https://m.media-amazon.com/images/M/MV5BOWNjYTg5NGMtOWRjNy00ZGNlLTg2MmYtZjQ5NTM0MTQxOGM2XkEyXkFqcGdeQXVyNTA4NzY1MzY@._V1_QL75_UX380_CR0,1,380,562_.jpg",https://www.imdb.com/title/tt0353049
http://schema.org,Thing,Black Mirror,"An anthology series exploring a twisted, high-tech multiverse where humanity's greatest innovations and darkest instincts collide.","https://m.media-amazon.com/images/M/MV5BZTgyNTBkNzctN2I3NC00NTA1LWJiMDMtYzA2MmYyZjc1NWQzXkEyXkFqcGdeQXVyMTUzMTg2ODkz._V1_QL75_UX380_CR0,1,380,562_.jpg",https://www.imdb.com/title/tt2085059
http://schema.org,Thing,The Last of Us,"After a global pandemic destroys civilization, a hardened survivor takes charge of a 14-year-old girl who may be humanity's last hope.","https://m.media-amazon.com/images/M/MV5BZGUzYTI3M2EtZmM0Yy00NGUyLWI4ODEtN2Q3ZGJlYzhhZjU3XkEyXkFqcGdeQXVyNTM0OTY1OQ@@._V1_QL75_UX380_CR0,1,380,562_.jpg",https://www.imdb.com/title/tt3581920
http://schema.org,Thing,"I, Claudius","The personal and governmental affairs of the Julio-Claudian dynasty at the beginning of the Roman Empire, as recalled by one of its rulers.","https://m.media-amazon.com/images/M/MV5BZWM1MDY1MjYtYTAzZC00MDJiLTk4MjAtOGQzNDI4YWU1MWQ0XkEyXkFqcGdeQXVyNTA4NzY1MzY@._V1_QL75_UX380_CR0,1,380,562_.jpg",https://www.imdb.com/title/tt0074006
http://schema.org,Thing,South Park,"Follows the misadventures of four irreverent grade-schoolers in the quiet, dysfunctional town of South Park, Colorado.","https://m.media-amazon.com/images/M/MV5BZjNhODYzZGItZWQ3Ny00ZjViLTkxMTUtM2EzN2RjYjU2OGZiXkEyXkFqcGdeQXVyMTI5MTc0OTIy._V1_QL75_UX380_CR0,1,380,562_.jpg",https://www.imdb.com/title/tt0121955
http://schema.org,Thing,Over the Garden Wall,Two brothers find themselves lost in a mysterious land and try to find their way home.,"https://m.media-amazon.com/images/M/MV5BYzhjNzI0NWEtMzEyYy00OGViLThhMjctMWQxNGQ3Y2IzOTY4XkEyXkFqcGdeQXVyNjAwNDUxODI@._V1_QL75_UX380_CR0,1,380,562_.jpg",https://www.imdb.com/title/tt3718778
http://schema.org,Thing,Kota Factory,"Dedicated to Shrimati SL Loney ji, Shri Irodov ji and Maanniya HC Verma ji, 'Kota Factory' is TVF's latest original. India's first 'Black and White' show highlights the problems present day IIT-JEE aspirants face in their day-to-day lives.","https://m.media-amazon.com/images/M/MV5BOGVmMGYwZTEtOGFlYS00ODRhLTg3M2MtMzc1OGNhNzU3N2IzXkEyXkFqcGdeQXVyNDY4NjAxNTc@._V1_QL75_UX380_CR0,1,380,562_.jpg",https://www.imdb.com/title/tt9432978
http://schema.org,Thing,Ted Lasso,"American college football coach Ted Lasso heads to London to manage AFC Richmond, a struggling English Premier League soccer team.","https://m.media-amazon.com/images/M/MV5BMTdmZjBjZjQtY2JiNS00Y2ZlLTg2NzgtMjUzMGY2OTVmOWJiXkEyXkFqcGdeQXVyMDM2NDM2MQ@@._V1_QL75_UX380_CR0,1,380,562_.jpg",https://www.imdb.com/title/tt10986410
http://schema.org,Thing,Six Feet Under,A chronicle of the lives of a dysfunctional family who run an independent funeral home in Los Angeles.,"https://m.media-amazon.com/images/M/MV5BN2FmMjg0Y2YtYmMyYi00MTBjLTllYzMtN2VjYzRhOTVmNWRlXkEyXkFqcGdeQXVyNDIzMzcwNjc@._V1_QL75_UX380_CR0,1,380,562_.jpg",https://www.imdb.com/title/tt0248654
http://schema.org,Thing,Peaky Blinders,"A gangster family epic set in 1900s England, centering on a gang who sew razor blades in the peaks of their caps, and their fierce boss Tommy Shelby.","https://m.media-amazon.com/images/M/MV5BZjYzZDgzMmYtYjY5Zi00YTk1LThhMDYtNjFlNzM4MTZhYzgyXkEyXkFqcGdeQXVyMTE5NDQ1MzQ3._V1_QL75_UX380_CR0,1,380,562_.jpg",https://www.imdb.com/title/tt2442560
http://schema.org,Thing,Rome,A down-to-earth account of the lives of both illustrious and ordinary Romans set in the last days of the Roman Republic.,"https://m.media-amazon.com/images/M/MV5BYTM4MmU1NWYtNzJjYy00YWFhLThjOGEtZmMxOGI1NzE0NGNiXkEyXkFqcGdeQXVyNDIzMzcwNjc@._V1_QL75_UX380_CR0,1,380,562_.jpg",https://www.imdb.com/title/tt0384766
http://schema.org,Thing,Oz,A series chronicling the daily activities of an unusual prison facility and its criminal inhabitants.,"https://m.media-amazon.com/images/M/MV5BYjY3N2M2YjgtZTFjZS00ODA1LWJjMDgtNDgxZDllZWFiMmYyXkEyXkFqcGdeQXVyNDIzMzcwNjc@._V1_QL75_UX380_CR0,1,380,562_.jpg",https://www.imdb.com/title/tt0118421
http://schema.org,Thing,Gullak,"Set in quaint by-lanes in the heart of India, Gullak is a collection of disarming and relatable tales of the Mishra family.","https://m.media-amazon.com/images/M/MV5BN2QwZmNhZjctZDZkMi00Mjk2LTg4OWMtNGEzMjk1ZWIwN2IzXkEyXkFqcGdeQXVyNDY4NjAxNTc@._V1_QL75_UX380_CR0,1,380,562_.jpg",https://www.imdb.com/title/tt10530900
http://schema.org,Thing,Vinland Saga,Thorfinn pursues a journey with his father's killer in order to take revenge and end his life in a duel as an honorable warrior and pay his father an homage.,"https://m.media-amazon.com/images/M/MV5BNzQwODI4Y2YtNjFmNC00NTExLWE0NzYtMTUzNjA0YzBhY2YyXkEyXkFqcGdeQXVyMTMxMTYzNDkz._V1_QL75_UX380_CR0,1,380,562_.jpg",https://www.imdb.com/title/tt10233448
http://schema.org,Thing,Steins;Gate,"After discovering time travel, a university student and his colleagues must use their knowledge of it to stop an evil organization and their diabolical plans.","https://m.media-amazon.com/images/M/MV5BMjUxMzE4ZDctODNjMS00MzIwLThjNDktODkwYjc5YWU0MDc0XkEyXkFqcGdeQXVyNjc3OTE4Nzk@._V1_QL75_UX380_CR0,1,380,562_.jpg",https://www.imdb.com/title/tt1910272
http://schema.org,Thing,Dark,"A family saga with a supernatural twist, set in a German town where the disappearance of two young children exposes the relationships among four families.","https://m.media-amazon.com/images/M/MV5BOTk2NzUyOTctZDdlMS00MDJlLTgzNTEtNzQzYjFhNjA0YjBjXkEyXkFqcGdeQXVyMjg1NDcxNDE@._V1_QL75_UX380_CR0,1,380,562_.jpg",https://www.imdb.com/title/tt5753856
http://schema.org,Thing,Panchayat,"A comedy-drama, which captures the journey of an engineering graduate Abhishek, who for lack of a better job option joins as secretary of a Panchayat office in a remote village of Uttar Pradesh.","https://m.media-amazon.com/images/M/MV5BZDkxODJmNDktZDcxMy00MGJkLWI3NzEtNzVkYTdkZWI0ZmVkXkEyXkFqcGdeQXVyNDY4NjAxNTc@._V1_QL75_UX380_CR0,1,380,562_.jpg",https://www.imdb.com/title/tt12004706
http://schema.org,Thing,The Boys,A group of vigilantes set out to take down corrupt superheroes who abuse their superpowers.,"https://m.media-amazon.com/images/M/MV5BOTEyNDJhMDAtY2U5ZS00OTMzLTkwODktMjU3MjFkZWVlMGYyXkEyXkFqcGdeQXVyMjkwOTAyMDU@._V1_QL75_UX380_CR0,1,380,562_.jpg",https://www.imdb.com/title/tt1190634
http://schema.org,Thing,Fleabag,Series adapted from the award-winning play about a young woman trying to cope with life in London whilst coming to terms with a recent tragedy.,"https://m.media-amazon.com/images/M/MV5BMjA4MzU5NzQxNV5BMl5BanBnXkFtZTgwOTg3MDA5NzM@._V1_QL75_UX380_CR0,1,380,562_.jpg",https://www.imdb.com/title/tt5687612
http://schema.org,Thing,Bleach: Thousand-Year Blood War,"The peace is suddenly broken when warning sirens blare through the Soul Society. Residents are disappearing without a trace and nobody knows who's behind it. Meanwhile, a darkness is approaching Ichigo and his friends in Karakura Town.","https://m.media-amazon.com/images/M/MV5BODFmYTUwYzMtM2M2My00NGExLWIzMDctYmRjNTNhZDc4MGI2XkEyXkFqcGdeQXVyMTMzNDExODE5._V1_QL75_UX380_CR0,1,380,562_.jpg",https://www.imdb.com/title/tt14986406
http://schema.org,Thing,Battlestar Galactica,"When an old enemy, the Cylons, resurface and obliterate the 12 colonies, the crew of the aged Galactica protect a small civilian fleet - the last of humanity - as they journey toward the fabled 13th colony, Earth.","https://m.media-amazon.com/images/M/MV5BZjBjMjk4YWQtZjY1MC00NTI5LWEwZDMtYWMyYjk2MjkzMThhXkEyXkFqcGdeQXVyNzA5NjUyNjM@._V1_QL75_UX380_CR0,1,380,562_.jpg",https://www.imdb.com/title/tt0407362
http://schema.org,Thing,The Simpsons,The satiric adventures of a working-class family in the misfit city of Springfield.,"https://m.media-amazon.com/images/M/MV5BYjFkMTlkYWUtZWFhNy00M2FmLThiOTYtYTRiYjVlZWYxNmJkXkEyXkFqcGdeQXVyNTAyODkwOQ@@._V1_QL75_UX380_CR0,1,380,562_.jpg",https://www.imdb.com/title/tt0096697
http://schema.org,Thing,Arrested Development,"Level-headed son Michael Bluth takes over family affairs after his father is imprisoned. But the rest of his spoiled, dysfunctional family are making his job unbearable.","https://m.media-amazon.com/images/M/MV5BNTFlYTE2YTItZmQ1NS00ZWQ5LWI3OGUtYTQzNDMyZmEyYTZjXkEyXkFqcGdeQXVyNDg4NjY5OTQ@._V1_QL75_UX380_CR0,1,380,562_.jpg",https://www.imdb.com/title/tt0367279
http://schema.org,Thing,The Shield,Drama series following the lives and cases of dirty cop Vic Mackey and the corrupt LAPD unit under his command.,"https://m.media-amazon.com/images/M/MV5BMTcwNzQwODI5NV5BMl5BanBnXkFtZTcwNzQxMjI5MQ@@._V1_QL75_UX380_CR0,1,380,562_.jpg",https://www.imdb.com/title/tt0286486
http://schema.org,Thing,Downton Abbey,A chronicle of the lives of the British aristocratic Crawley family and their servants in the early twentieth century.,"https://m.media-amazon.com/images/M/MV5BY2U1NmIwYzgtNjFkOS00YWUxLTg0YTMtZmE5NTA3YjRmY2NlXkEyXkFqcGdeQXVyNTA4NzY1MzY@._V1_QL75_UX380_CR0,1,380,562_.jpg",https://www.imdb.com/title/tt1606375
http://schema.org,Thing,House,An antisocial maverick doctor who specializes in diagnostic medicine does whatever it takes to solve puzzling cases that come his way using his crack team of doctors and his wits.,"https://m.media-amazon.com/images/M/MV5BMDA4NjQzN2ItZDhhNC00ZjVlLWFjNTgtMTEyNDQyOGNjMDE1XkEyXkFqcGdeQXVyNTA4NzY1MzY@._V1_QL75_UX380_CR0,1,380,562_.jpg",https://www.imdb.com/title/tt0412142
http://schema.org,Thing,One Punch Man,"The story of Saitama, a hero that does it just for fun & can defeat his enemies with a single punch.","https://m.media-amazon.com/images/M/MV5BZjJlNzE5YzEtYzQwYS00NTBjLTk5YzAtYzUwOWQyM2E3OGI2XkEyXkFqcGdeQXVyNTgyNTA4MjM@._V1_QL75_UX380_CR0,1,380,562_.jpg",https://www.imdb.com/title/tt4508902
http://schema.org,Thing,Invincible,An adult animated series based on the Skybound/Image comic about a teenager whose father is the most powerful superhero on the planet.,"https://m.media-amazon.com/images/M/MV5BN2Q1NWExNzEtM2M1Ny00ZDJhLWIwN2MtZGI5ZGI4MzBlYTQyXkEyXkFqcGdeQXVyOTYyMTY2NzQ@._V1_QL75_UX380_CR0,1,380,562_.jpg",https://www.imdb.com/title/tt6741278
http://schema.org,Thing,Severance,"Mark leads a team of office workers whose memories have been surgically divided between their work and personal lives. When a mysterious colleague appears outside of work, it begins a journey to discover the truth about their jobs.","https://m.media-amazon.com/images/M/MV5BMjkwZjcwMGQtNDAzOC00YjJiLThiYTgtNWU3ZjRiZmY2YzEzXkEyXkFqcGdeQXVyMTMzNDExODE5._V1_QL75_UX380_CR0,1,380,562_.jpg",https://www.imdb.com/title/tt11280740
http://schema.org,Thing,Mad Men,"A drama about one of New York's most prestigious ad agencies at the beginning of the 1960s, focusing on one of the firm's most mysterious but extremely talented ad executives, Donald Draper.","https://m.media-amazon.com/images/M/MV5BNTgxNDZlODQtNDcwOC00NWQ5LTljNWMtMDhjY2U5YTUzMTc4XkEyXkFqcGdeQXVyMDA4NzMyOA@@._V1_QL75_UX380_CR0,1,380,562_.jpg",https://www.imdb.com/title/tt0804503
